ID,Lenght,A,C,G,T,GC,A%,C%,G%,T%,GC%
PQ723210.1,112,28,45,55,42,17,25.0,40.17857142857143,49.107142857142854,37.5,15.178571428571427
PQ723210.1,112,24,44,58,44,17,21.428571428571427,39.285714285714285,51.78571428571429,39.285714285714285,15.178571428571427
PQ723205.1,112,24,44,58,44,17,21.428571428571427,39.285714285714285,51.78571428571429,39.285714285714285,15.178571428571427
KX076768.1,112,51,40,43,36,7,45.535714285714285,35.714285714285715,38.392857142857146,32.142857142857146,6.25
MH232730.1,112,0,34,1,93,1,0.0,30.357142857142854,0.8928571428571428,83.03571428571429,0.8928571428571428
PP953231.1,112,58,58,37,39,9,51.78571428571429,51.78571428571429,33.035714285714285,34.82142857142857,8.035714285714286
KX077000.1,112,30,50,43,35,13,26.785714285714285,44.642857142857146,38.392857142857146,31.25,11.607142857142858
KX076768.1,112,51,41,43,36,9,45.535714285714285,36.607142857142854,38.392857142857146,32.142857142857146,8.035714285714286
PQ362540.1,112,32,65,55,40,16,28.57142857142857,58.03571428571429,49.107142857142854,35.714285714285715,14.285714285714285
PP953493.1,112,55,47,44,46,12,49.107142857142854,41.964285714285715,39.285714285714285,41.07142857142857,10.714285714285714
PP953231.1,112,54,58,41,38,9,48.214285714285715,51.78571428571429,36.607142857142854,33.92857142857143,8.035714285714286
PQ390179.1,112,38,53,49,40,11,33.92857142857143,47.32142857142857,43.75,35.714285714285715,9.821428571428571
PQ390178.1,112,38,54,48,40,11,33.92857142857143,48.214285714285715,42.857142857142854,35.714285714285715,9.821428571428571
PQ390176.1,112,34,56,42,48,16,30.357142857142854,50.0,37.5,42.857142857142854,14.285714285714285
PQ390175.1,112,66,20,45,49,5,58.92857142857143,17.857142857142858,40.17857142857143,43.75,4.464285714285714
PC068158.1,112,17,9,19,20,3,15.178571428571427,8.035714285714286,16.964285714285715,17.857142857142858,2.6785714285714284
MH232832.1,112,0,44,1,120,1,0.0,39.285714285714285,0.8928571428571428,107.14285714285714,0.8928571428571428
PQ723184.1,112,23,44,56,42,17,20.535714285714285,39.285714285714285,50.0,37.5,15.178571428571427
PC068158.1,112,17,9,19,20,3,15.178571428571427,8.035714285714286,16.964285714285715,17.857142857142858,2.6785714285714284
MH232947.1,112,0,49,1,139,1,0.0,43.75,0.8928571428571428,124.10714285714286,0.8928571428571428
KX075422.1,112,44,39,55,51,8,39.285714285714285,34.82142857142857,49.107142857142854,45.535714285714285,7.142857142857142
PQ723210.1,112,24,44,58,44,17,21.428571428571427,39.285714285714285,51.78571428571429,39.285714285714285,15.178571428571427
PQ723184.1,112,23,44,56,42,17,20.535714285714285,39.285714285714285,50.0,37.5,15.178571428571427
PQ390176.1,112,33,54,45,48,17,29.464285714285715,48.214285714285715,40.17857142857143,42.857142857142854,15.178571428571427
MH232832.1,112,0,44,1,120,1,0.0,39.285714285714285,0.8928571428571428,107.14285714285714,0.8928571428571428
MH232832.1,112,0,44,1,120,1,0.0,39.285714285714285,0.8928571428571428,107.14285714285714,0.8928571428571428
PP953231.1,112,54,58,41,38,9,48.214285714285715,51.78571428571429,36.607142857142854,33.92857142857143,8.035714285714286
PQ390179.1,112,41,51,48,40,11,36.607142857142854,45.535714285714285,42.857142857142854,35.714285714285715,9.821428571428571
PQ723210.1,112,28,45,55,42,17,25.0,40.17857142857143,49.107142857142854,37.5,15.178571428571427
KX076768.1,112,52,40,41,38,8,46.42857142857143,35.714285714285715,36.607142857142854,33.92857142857143,7.142857142857142
KX077000.1,112,30,50,42,36,12,26.785714285714285,44.642857142857146,37.5,32.142857142857146,10.714285714285714
KX076768.1,112,51,40,43,36,7,45.535714285714285,35.714285714285715,38.392857142857146,32.142857142857146,6.25
MH232730.1,112,0,34,1,93,1,0.0,30.357142857142854,0.8928571428571428,83.03571428571429,0.8928571428571428
PP953231.1,112,60,57,38,37,10,53.57142857142857,50.89285714285714,33.92857142857143,33.035714285714285,8.928571428571429
KX077000.1,112,32,49,42,35,13,28.57142857142857,43.75,37.5,31.25,11.607142857142858
PQ723210.1,112,24,44,58,44,17,21.428571428571427,39.285714285714285,51.78571428571429,39.285714285714285,15.178571428571427
PQ362540.1,112,32,65,54,41,16,28.57142857142857,58.03571428571429,48.214285714285715,36.607142857142854,14.285714285714285
PP953493.1,112,55,47,43,45,12,49.107142857142854,41.964285714285715,38.392857142857146,40.17857142857143,10.714285714285714
NR_039163.1,112,27,24,27,34,4,24.107142857142858,21.428571428571427,24.107142857142858,30.357142857142854,3.571428571428571
